student_id,day_of_week,meal_time,meal_type,is_weekend,class_day,assignment_deadline,temperature_c,humidity,wind_speed,rain_mm,air_quality_index,rising_time_min,sleeping_time_min,mess_duration_min
2101021,0,0,0,0,0,1,31.84,67.35,2.79,7.71,127.3,400,1386,10.0
2101024,2,1,0,0,0,0,26.51,45.9,2.6,0.69,78.0,503,1401,29.1
2101036,3,1,0,0,0,1,25.99,51.91,2.81,0.76,78.5,478,1368,27.81
2101066,6,1,0,1,1,1,28.7,64.35,2.44,0.0,118.7,520,1439,39.18
2101062,1,0,0,0,0,1,26.27,49.26,2.67,0.8,85.3,445,1420,22.2
2101156,4,0,0,0,0,1,28.13,52.72,3.89,0.23,88.7,475,1354,19.76
2101057,5,2,0,1,1,1,29.24,55.38,3.35,0.0,86.8,507,1413,56.61
2101177,3,0,0,0,1,1,34.45,67.19,3.56,0.27,113.0,462,1433,22.56
2101151,0,0,1,0,1,1,31.81,69.53,1.34,0.0,147.1,452,1419,32.9
2101188,4,0,0,0,0,0,32.66,60.06,3.8,0.0,100.6,467,1417,22.17
2101198,4,2,0,0,0,0,32.51,57.14,3.9,0.0,95.3,477,1363,37.33
2101015,6,1,0,1,1,1,29.31,66.53,2.19,0.37,127.7,442,1390,47.27
2101136,6,1,1,1,1,1,29.63,60.92,2.34,0.0,112.1,481,1336,47.32
2101173,0,0,0,0,0,1,31.14,72.68,1.42,0.0,140.8,481,1417,16.19
2101007,0,1,0,0,1,1,29.35,41.05,2.5,0.58,95.8,355,1390,30.65
2101033,5,2,0,1,1,1,28.76,53.78,3.88,0.85,75.4,418,1347,51.11
2101060,1,2,1,0,0,1,34.02,75.21,2.17,0.46,124.5,420,1391,54.65
2101042,4,1,0,0,0,1,28.88,51.36,3.71,0.76,81.3,391,1322,37.81
2101160,1,2,1,0,0,1,33.68,76.66,2.22,0.0,123.6,474,1394,47.45
2101027,0,0,0,0,0,1,29.06,45.73,2.42,0.0,93.8,437,1439,18.15
2101184,5,0,0,1,1,1,29.38,56.19,3.36,0.19,86.7,400,1367,35.02
2101072,4,0,0,0,0,0,32.33,62.8,3.86,0.0,105.1,399,1362,29.56
2101119,5,0,1,1,1,1,31.38,59.03,2.13,0.0,96.4,525,1394,24.49
2101082,4,2,0,0,0,0,32.34,62.5,3.87,0.99,105.5,381,1405,46.2
2101070,3,2,0,0,0,1,26.43,51.72,2.48,0.0,75.5,457,1439,37.19
2101173,3,0,0,0,0,1,33.9,65.39,3.67,0.0,116.2,439,1425,19.77
2101071,0,1,1,0,0,1,31.05,68.67,2.94,7.87,132.8,498,1331,39.45
2101195,6,0,0,1,1,0,31.16,51.44,2.67,1.1,99.1,486,1434,27.51
2101127,0,2,0,0,0,1,29.42,42.89,2.08,0.05,91.4,394,1353,42.58
2101072,0,0,0,0,0,1,29.49,43.27,2.37,0.74,102.1,429,1348,18.37
2101172,1,1,1,0,0,1,27.47,45.69,2.33,0.0,87.6,521,1436,35.8
2101056,1,0,1,0,0,1,27.97,45.27,2.64,0.0,84.7,412,1334,19.0
2101068,0,2,0,0,0,1,29.43,43.89,1.77,0.0,98.2,458,1376,37.96
2101177,0,2,0,0,1,1,30.83,65.79,3.34,7.5,131.6,460,1432,46.81
2101038,5,2,0,1,1,1,29.16,54.43,3.16,1.1,78.3,525,1430,53.41
2101176,4,0,1,0,0,1,27.77,53.67,3.64,0.0,88.5,383,1424,25.99
2101001,3,2,1,0,1,1,26.59,46.57,2.8,0.98,66.6,478,1377,59.81
2101002,2,0,0,0,0,0,25.74,41.57,2.76,0.0,73.7,376,1401,10.0
2101028,5,2,0,1,0,1,31.62,61.35,1.59,0.0,89.0,425,1398,61.11
2101123,0,2,0,0,1,1,30.88,65.88,3.25,8.08,134.0,417,1386,42.15
2101170,6,1,0,1,1,0,30.4,56.22,2.06,0.38,104.1,433,1416,34.18
2101169,3,1,0,0,0,1,33.68,61.57,3.83,0.17,114.4,364,1336,33.01
2101125,5,2,0,1,1,1,29.11,58.13,2.64,0.0,85.0,497,1435,64.05
2101128,2,0,0,0,0,1,31.45,79.31,2.97,0.22,123.4,453,1317,16.61
2101198,5,0,0,1,1,1,28.84,57.19,2.73,0.0,85.3,498,1349,29.46
2101189,2,1,0,0,0,0,26.46,42.42,2.97,1.54,75.8,425,1380,38.99
2101014,1,0,1,0,1,1,33.28,76.2,1.9,0.0,129.7,469,1360,26.87
2101112,0,2,0,0,0,1,31.72,69.84,1.7,0.11,135.4,453,1372,43.14
2101073,6,2,0,1,1,0,30.89,53.0,2.35,0.0,99.9,451,1439,38.82
2101027,0,1,1,0,0,1,31.68,69.44,1.13,0.0,147.6,402,1403,41.0
2101159,2,0,0,0,1,1,31.48,76.02,3.17,0.0,131.0,478,1419,24.35
2101108,0,2,0,0,0,1,29.53,44.34,2.24,0.59,100.2,416,1381,47.21
2101132,0,1,1,0,0,1,30.94,66.84,3.1,7.42,120.8,414,1397,36.1
2101103,6,0,1,1,1,0,31.08,50.89,2.79,0.34,104.1,451,1439,21.29
2101014,5,1,1,1,1,1,29.13,55.84,3.12,0.0,81.8,502,1334,52.08
2101173,6,2,0,1,1,1,28.61,61.92,2.31,0.0,117.9,496,1433,51.99
2101080,5,0,0,1,1,1,29.38,57.64,3.11,0.77,87.1,446,1397,25.56
2101044,2,2,1,0,1,0,26.3,43.43,2.58,0.0,76.5,412,1417,42.46
2101127,6,1,1,1,1,0,30.96,48.82,3.08,0.0,98.6,431,1387,34.73
2101061,0,2,1,0,0,1,29.23,42.46,2.15,0.24,95.3,414,1363,38.68
2101137,3,2,0,0,0,1,34.28,64.83,3.52,0.0,112.6,427,1439,43.11
2101102,0,2,1,0,0,1,30.53,41.36,1.86,0.0,87.4,495,1413,41.83
2101090,5,1,0,1,0,1,31.23,60.25,1.97,0.55,95.1,425,1435,45.02
2101020,3,1,1,0,0,1,34.2,64.95,3.9,0.0,118.2,481,1374,37.94
2101038,0,2,1,0,0,1,30.86,70.58,2.82,8.11,119.1,492,1412,47.67
2101173,0,0,0,0,0,1,30.53,70.19,1.39,0.0,140.8,447,1426,18.92
2101193,1,0,1,0,0,1,33.42,77.33,2.26,0.89,128.5,488,1377,23.09
2101110,2,1,0,0,0,1,31.49,76.43,3.14,0.8,137.2,507,1399,37.13
2101093,0,2,0,0,0,1,31.27,70.39,3.74,7.3,132.4,426,1345,48.29
2101036,3,2,0,0,0,1,26.13,50.47,2.07,0.0,76.5,489,1383,46.41
2101143,6,2,0,1,1,1,28.74,63.42,2.42,0.0,108.0,501,1439,41.19
2101129,3,0,1,0,0,1,33.98,64.15,3.68,0.12,118.0,369,1336,25.32
2101107,3,0,0,0,0,1,26.29,52.48,2.45,0.69,74.9,421,1325,10.8
2101054,5,0,0,1,1,1,31.12,61.8,2.0,0.0,94.3,538,1373,30.73
2101017,0,2,0,0,0,1,29.51,46.36,2.17,0.55,96.5,358,1435,45.82
2101193,0,1,1,0,0,1,31.02,73.78,2.15,0.0,143.9,498,1391,40.24
2101048,2,0,0,0,0,0,26.07,43.26,2.2,0.0,81.8,410,1381,20.23
2101130,5,2,0,1,1,1,29.62,55.16,2.76,0.0,92.4,462,1437,42.87
2101013,2,1,0,0,0,0,26.95,43.51,2.77,1.26,72.6,316,1391,39.08
2101136,2,2,1,0,0,1,32.06,76.46,3.72,0.04,124.6,421,1321,53.66
2101038,1,1,0,0,0,1,27.76,49.24,2.23,0.15,93.9,481,1423,31.34
2101140,4,0,0,0,1,0,32.89,62.91,3.17,0.0,96.8,446,1328,24.23
2101040,0,2,1,0,0,1,31.12,67.34,3.59,8.22,133.2,435,1300,47.88
2101099,6,0,0,1,1,1,29.71,63.1,2.25,0.0,126.5,488,1382,28.36
2101083,2,0,1,0,1,1,32.21,78.97,3.6,0.02,124.8,418,1309,32.78
2101102,0,2,0,0,0,1,29.49,43.1,2.03,1.32,95.9,490,1405,34.56
2101065,0,1,0,0,1,1,30.81,68.43,3.04,7.35,125.5,494,1302,36.53
2101068,5,1,0,1,1,1,29.39,57.68,3.09,0.01,87.6,513,1394,44.18
2101073,3,0,0,0,0,1,26.35,50.75,3.22,0.4,74.1,410,1439,24.66
2101127,2,2,0,0,0,0,26.24,42.31,2.91,0.0,82.7,379,1406,41.34
2101163,0,1,0,0,0,1,31.25,70.63,1.02,0.01,148.0,442,1402,35.94
2101073,4,2,0,0,0,1,27.52,47.35,3.3,0.58,88.9,390,1439,45.45
2101005,0,1,0,0,0,1,29.27,44.1,2.58,0.12,100.0,454,1378,31.91
2101039,1,2,0,0,0,1,32.56,73.39,2.18,0.22,127.0,431,1439,49.59
2101021,3,2,0,0,0,1,34.09,65.2,3.06,0.0,116.6,398,1439,38.1
2101126,1,2,0,0,0,1,27.65,45.26,2.34,0.19,94.8,450,1370,40.38
2101161,3,0,1,0,1,1,25.56,52.75,2.75,0.03,68.4,437,1375,33.08
2101043,0,2,0,0,0,1,29.81,42.42,2.01,0.87,92.0,495,1369,45.11
2101107,2,1,0,0,0,0,26.51,42.84,2.34,0.43,73.2,394,1327,24.96
2101096,6,1,0,1,1,1,29.09,61.31,2.22,0.0,111.6,418,1439,44.39
2101088,3,0,0,0,0,1,26.89,51.29,2.65,0.0,62.0,476,1396,21.28
2101177,5,1,0,1,1,1,32.1,57.45,2.29,0.43,97.6,489,1439,47.71
2101054,2,0,0,0,0,0,25.68,43.37,2.24,0.45,69.1,479,1383,15.64
2101125,1,0,1,0,0,1,28.06,47.26,2.25,0.0,80.9,449,1392,24.16
2101108,1,2,1,0,0,1,33.55,75.53,2.24,0.0,126.5,433,1398,54.78
2101175,0,2,1,0,0,1,31.73,75.13,2.06,0.0,140.2,482,1392,45.08
2101045,2,1,0,0,1,0,26.53,43.77,2.59,0.56,67.7,524,1379,25.6
2101186,5,2,0,1,1,1,31.06,61.18,2.16,0.0,93.1,471,1439,47.55
2101171,1,0,0,0,0,1,27.41,46.86,2.5,0.0,95.6,427,1439,16.79
2101090,4,2,1,0,0,0,32.09,60.86,3.96,0.13,103.2,399,1435,48.68
2101164,3,0,0,0,1,1,33.76,67.97,3.79,0.73,122.2,482,1368,23.2
2101129,2,1,0,0,0,1,31.74,78.49,3.42,0.0,121.9,353,1362,32.0
2101065,5,0,0,1,1,1,30.77,57.77,2.73,0.0,92.2,543,1312,21.83
2101170,5,1,0,1,1,1,28.9,57.44,3.63,0.0,79.2,446,1377,35.42
2101005,6,1,1,1,1,0,31.29,52.47,2.5,0.98,105.4,471,1415,38.96
2101028,5,1,0,1,1,1,31.32,61.84,2.07,0.64,91.2,433,1410,47.62
2101177,1,1,1,0,1,1,27.8,47.44,2.6,0.0,83.8,459,1436,43.29
2101158,0,0,1,0,0,1,29.96,66.61,3.31,6.74,126.8,442,1241,28.48
2101060,5,1,0,1,0,1,31.03,58.0,2.16,0.0,89.4,469,1368,42.06
2101197,1,2,0,0,0,1,27.43,49.89,1.89,0.35,76.0,410,1356,36.89
2101131,6,1,1,1,1,0,31.07,52.0,1.96,0.0,104.4,437,1351,40.47
2101049,2,1,1,0,1,0,25.93,40.26,2.58,0.54,66.1,489,1355,37.03
2101171,6,0,0,1,1,0,31.43,52.17,2.74,0.22,95.6,460,1439,24.51
2101198,2,1,1,0,0,0,26.14,42.16,2.72,0.18,71.5,469,1356,27.77
2101159,1,2,0,0,0,1,27.65,43.29,1.95,0.39,80.1,450,1439,47.38
2101125,3,1,1,0,0,1,26.23,47.32,3.09,0.3,73.8,451,1439,44.65
2101172,0,0,0,0,0,1,30.99,65.96,3.0,7.07,132.3,532,1405,13.12
2101161,2,2,1,0,1,1,31.59,77.0,3.38,0.0,130.7,433,1364,55.18
2101098,1,2,0,0,0,1,28.1,46.52,2.46,1.4,84.6,386,1345,47.46
2101151,6,1,1,1,1,0,31.24,51.1,2.27,0.0,101.6,471,1439,37.89
2101168,5,0,0,1,1,1,31.41,60.62,2.02,0.0,96.6,455,1419,33.12
2101007,3,2,0,0,0,1,34.08,67.31,2.84,0.64,109.2,354,1368,39.82
2101092,0,0,1,0,0,1,31.77,67.67,1.39,0.0,146.9,466,1351,19.38
2101187,6,2,1,1,1,0,31.47,51.01,1.97,0.0,96.8,394,1373,46.58
2101053,5,1,0,1,0,1,29.69,54.05,3.36,0.0,78.9,455,1378,33.08
2101123,1,1,0,0,1,1,33.52,73.34,2.31,0.32,128.4,417,1380,31.87
2101096,6,2,0,1,1,0,31.41,50.56,2.78,0.61,99.6,398,1439,60.45
2101117,0,0,0,0,0,1,30.76,68.63,3.26,8.42,130.1,456,1351,17.31
2101067,0,0,0,0,0,1,31.21,68.37,2.96,7.61,132.7,382,1424,29.66
2101127,3,2,0,0,0,1,34.05,63.61,3.57,0.63,106.8,387,1365,47.7
2101153,0,2,0,0,0,1,30.73,70.59,1.55,0.0,144.7,461,1332,38.85
2101147,3,2,0,0,0,1,26.76,55.07,2.97,0.1,82.3,403,1347,41.75
2101166,0,0,0,0,0,1,31.6,69.56,1.76,0.0,149.4,415,1311,30.77
2101051,4,0,0,0,0,0,31.95,58.17,3.54,0.1,106.8,432,1439,14.72
2101029,0,1,0,0,1,1,29.46,43.04,2.04,0.45,94.9,486,1418,38.25
2101108,6,2,0,1,1,1,28.69,65.41,2.33,0.64,109.7,465,1419,58.35
2101033,1,2,0,0,0,1,34.21,76.4,2.19,0.0,122.8,353,1322,55.25
2101125,2,2,0,0,0,0,26.36,40.8,2.75,0.76,76.6,437,1439,42.0
2101077,0,1,1,0,1,1,28.91,44.34,2.56,0.0,99.2,355,1333,44.23
2101143,1,2,0,0,0,1,33.59,74.15,2.18,0.0,124.7,491,1439,40.83
2101093,5,0,0,1,1,1,29.16,53.5,3.13,0.0,83.7,473,1387,28.14
2101112,5,0,1,1,1,1,30.08,54.45,2.56,0.0,86.4,503,1397,24.24
2101191,0,1,0,0,0,1,29.11,42.35,2.0,0.0,85.7,383,1339,29.95
2101126,0,0,1,0,0,1,29.81,70.13,3.02,7.76,125.5,429,1359,30.92
2101188,2,2,0,0,0,0,26.19,43.94,1.83,0.0,81.1,455,1395,47.62
2101049,6,2,0,1,1,1,28.91,64.29,2.4,0.32,127.9,507,1337,49.77
2101193,0,0,0,0,0,1,30.54,70.53,3.33,7.39,126.7,491,1353,24.57
2101043,1,0,0,0,0,1,26.79,46.75,2.12,0.0,92.8,505,1410,11.98
2101146,4,0,0,0,0,0,32.59,62.82,3.72,0.0,96.9,433,1379,29.35
2101010,2,0,1,0,0,1,32.45,73.98,2.98,0.03,125.4,476,1416,28.91
2101135,1,1,1,0,0,1,26.88,43.77,2.56,0.0,72.4,474,1406,41.55
2101176,2,1,1,0,0,1,32.25,77.91,2.81,0.0,134.3,387,1411,36.66
2101054,4,2,1,0,0,1,28.14,48.38,3.49,0.0,87.1,487,1341,53.31
2101032,6,1,1,1,1,1,29.99,63.79,2.89,0.11,128.6,436,1439,48.64
2101075,3,2,0,0,1,1,34.24,66.05,3.48,0.0,120.1,500,1419,53.48
2101014,1,2,1,0,0,1,27.57,45.73,2.48,0.0,84.5,486,1374,49.05
2101001,0,2,0,0,0,1,32.0,70.64,1.62,0.0,136.0,465,1370,59.85
2101086,2,0,0,0,0,1,31.99,79.02,2.91,0.28,137.0,452,1361,20.15
2101166,5,1,1,1,1,1,31.11,55.56,2.18,0.22,90.5,464,1329,54.93
2101081,6,2,0,1,1,1,29.33,65.92,2.43,0.54,116.1,470,1288,53.03
2101055,0,2,0,0,1,1,30.51,72.98,2.85,8.36,116.2,432,1422,51.72
2101045,2,0,1,0,0,0,25.45,42.86,2.58,0.3,77.7,525,1399,13.28
2101016,1,2,1,0,1,1,28.46,46.57,2.71,0.0,88.5,491,1360,49.68
2101079,1,2,0,0,0,1,27.51,47.91,2.66,0.0,80.6,481,1336,35.38
2101063,0,0,0,0,0,1,31.32,74.75,1.19,0.0,145.5,440,1367,24.1
2101090,5,0,0,1,1,1,31.48,57.97,1.9,0.0,94.3,446,1439,36.03
2101065,0,0,1,0,1,1,30.09,69.01,2.67,7.74,132.0,501,1291,17.95
2101118,6,1,0,1,1,0,30.52,51.21,2.83,0.13,102.0,414,1377,44.07
2101145,3,0,0,0,0,1,33.86,67.23,3.65,0.0,127.1,517,1439,18.58
2101003,3,0,0,0,1,1,33.85,66.51,3.68,0.0,117.3,475,1368,29.42
2101002,3,0,1,0,0,1,26.26,52.63,2.52,0.38,69.5,396,1380,19.94
2101056,0,0,0,0,0,1,32.01,70.7,1.32,0.12,142.7,406,1334,21.83
2101046,0,1,0,0,0,1,30.52,68.94,3.18,7.76,114.5,461,1343,37.27
2101018,6,0,0,1,1,1,29.25,63.13,2.34,0.19,112.9,526,1439,19.3
2101179,1,1,1,0,0,1,27.89,45.41,2.08,0.0,88.6,511,1439,35.45
2101018,0,2,1,0,0,1,29.1,42.29,2.08,0.0,95.7,464,1427,45.69
2101171,4,0,0,0,0,1,28.46,50.62,3.78,0.29,84.8,422,1425,24.25
2101014,1,1,0,0,0,1,27.27,44.49,2.4,0.25,85.4,471,1352,40.1
2101126,0,2,0,0,0,1,29.96,45.37,1.73,0.0,84.3,445,1365,47.59
2101077,4,0,0,0,0,0,32.6,60.97,3.2,0.0,98.1,306,1351,23.92
2101112,6,2,0,1,1,0,31.07,49.06,2.43,1.37,104.2,453,1430,40.54
2101104,4,2,1,0,0,1,27.83,52.86,3.63,0.0,92.4,468,1439,48.0
2101045,0,0,0,0,0,1,31.61,70.11,1.59,0.0,141.2,546,1337,19.11
2101021,0,2,1,0,0,1,31.25,72.37,1.54,0.16,149.7,403,1438,38.28
2101175,3,0,1,0,0,1,26.51,51.41,2.58,0.0,81.9,453,1416,28.49
2101146,5,2,0,1,1,1,31.3,60.56,2.41,0.07,90.2,467,1360,66.92
2101152,5,1,0,1,1,1,28.99,55.85,3.21,1.08,88.8,517,1439,42.24
2101123,0,0,0,0,0,1,31.93,70.42,1.7,0.56,137.3,410,1345,22.57
2101103,6,0,0,1,1,1,29.34,64.41,2.02,0.38,107.1,449,1439,22.6
2101170,1,1,0,0,0,1,33.14,79.22,2.1,0.36,131.5,405,1356,24.41
2101033,6,2,0,1,1,0,31.52,47.52,2.56,0.07,101.8,388,1381,49.15
2101121,0,0,0,0,0,1,30.59,68.97,2.85,8.16,128.2,480,1377,18.12
2101043,1,1,0,0,0,1,33.25,76.34,1.91,0.0,125.5,467,1381,37.46
2101130,2,0,0,0,0,0,26.21,40.92,2.38,0.0,71.6,423,1439,10.0
2101076,3,1,0,0,0,1,25.93,48.98,3.14,0.06,76.6,391,1343,36.98
2101086,6,0,1,1,0,0,30.88,55.43,2.57,0.54,110.1,475,1419,21.18
2101066,1,2,0,0,0,1,33.31,74.89,2.72,0.2,127.4,459,1417,45.83
2101119,0,1,0,0,1,1,30.15,46.28,2.0,0.4,86.2,504,1347,32.97
2101013,6,2,1,1,1,0,31.66,52.51,2.42,0.0,107.9,377,1423,59.25
2101154,6,0,0,1,0,1,28.94,64.47,1.89,0.72,120.0,489,1339,32.74
2101081,3,0,0,0,0,1,26.87,52.3,2.61,1.4,76.0,438,1318,19.43
2101196,5,0,1,1,1,1,31.33,61.25,2.62,0.8,93.2,532,1402,33.87
2101090,0,1,0,0,0,1,31.71,73.58,1.76,0.0,156.7,419,1404,40.78
2101025,1,2,0,0,0,1,28.0,47.39,2.56,0.0,84.0,407,1409,51.28
2101058,4,1,0,0,0,0,32.54,61.47,4.05,0.17,102.2,437,1363,40.41
2101092,3,1,1,0,0,1,27.19,51.76,2.78,0.0,63.3,467,1394,30.81
2101077,5,2,0,1,1,1,29.41,57.98,3.17,0.44,82.2,407,1336,54.65
2101053,5,0,0,1,1,1,30.87,61.58,2.23,0.0,88.9,495,1391,22.22
2101067,6,0,0,1,1,1,29.57,62.53,2.51,0.58,116.8,411,1412,32.56
2101146,0,2,0,0,1,1,29.37,41.4,2.18,0.82,96.2,425,1361,52.06
2101075,0,2,1,0,0,1,29.41,43.14,2.19,0.0,90.7,496,1439,48.53
2101031,4,0,0,0,1,1,27.17,49.76,3.63,0.18,97.6,534,1321,22.93
2101124,4,0,0,0,0,1,28.76,50.2,3.35,0.0,83.6,431,1325,18.81
2101148,6,1,1,1,0,1,29.38,62.61,2.23,0.0,114.7,506,1426,37.7
2101099,0,2,1,0,0,1,31.03,68.38,2.87,7.21,128.4,435,1393,46.66
2101145,2,0,1,0,0,1,32.17,77.27,3.57,0.0,123.2,504,1437,18.48
2101040,6,2,0,1,0,0,31.74,53.34,1.88,0.62,104.4,441,1374,43.72
2101029,0,1,0,0,0,1,30.69,68.86,3.09,6.67,130.4,480,1439,38.62
2101159,4,2,1,0,0,0,32.79,64.95,4.55,0.63,98.1,454,1425,49.73
2101158,0,1,0,0,0,1,31.26,71.32,1.56,1.21,154.7,441,1257,36.83
2101103,1,1,1,0,0,1,27.51,52.35,1.99,0.36,84.0,406,1422,27.48
2101097,4,1,0,0,0,1,28.79,52.68,3.58,0.33,90.4,513,1409,25.79
2101092,4,2,0,0,1,1,28.52,51.77,3.97,0.0,84.2,457,1374,46.7
2101044,5,1,1,1,0,1,28.78,54.64,3.18,0.0,76.7,445,1375,40.38
2101142,2,2,1,0,0,0,26.31,37.73,2.66,0.32,69.9,421,1439,45.21
2101076,2,2,0,0,1,1,31.7,76.23,3.3,0.23,127.9,423,1319,52.34
2101150,5,0,0,1,1,1,28.99,55.86,3.12,0.44,82.8,507,1327,25.35
2101088,6,2,0,1,1,0,31.23,55.01,3.45,1.54,105.4,486,1439,47.86
2101169,5,1,0,1,1,1,29.15,53.06,3.25,0.44,73.2,421,1379,47.32
2101169,5,0,1,1,1,1,28.69,58.97,3.07,0.26,79.4,397,1337,44.58
2101162,0,0,0,0,1,1,30.27,68.4,3.01,8.52,118.1,505,1439,18.55
2101054,0,0,0,0,1,1,32.27,72.76,1.78,0.0,151.8,503,1333,29.18
2101134,5,1,0,1,1,1,28.71,50.97,3.35,0.0,82.3,435,1390,44.58
2101150,2,0,1,0,1,0,26.25,43.07,2.71,0.0,70.5,484,1324,10.12
2101144,0,1,0,0,0,1,29.78,41.92,2.08,0.0,88.9,485,1413,23.35
2101175,4,2,0,0,0,1,28.62,52.11,3.16,0.42,93.5,477,1414,44.0
2101032,0,2,0,0,0,1,30.22,69.01,3.31,7.39,125.2,409,1409,53.77
2101131,0,2,1,0,0,1,29.41,40.49,1.95,1.04,95.6,411,1303,47.14
2101140,1,0,0,0,1,1,33.43,77.27,2.2,0.91,118.3,461,1289,26.71
2101072,3,0,1,0,0,1,26.55,52.69,2.34,0.46,78.4,427,1348,31.34
2101051,3,2,0,0,0,1,33.8,67.3,3.29,0.0,120.5,468,1415,43.86
2101113,3,2,0,0,1,1,33.6,68.04,3.25,0.37,121.3,546,1266,47.05
2101052,2,2,0,0,0,1,32.18,78.49,3.26,0.49,135.7,380,1271,45.35
2101118,2,0,1,0,1,1,32.22,76.47,2.83,0.0,128.5,417,1349,31.48
2101024,6,2,1,1,0,1,29.2,61.89,2.32,0.21,116.1,547,1377,48.13
2101079,5,1,0,1,1,1,31.1,57.62,2.23,0.42,95.9,519,1359,45.91
2101079,1,1,1,0,0,1,33.54,77.99,1.95,0.13,130.6,499,1326,33.8
2101146,2,1,1,0,0,1,31.82,77.79,3.08,0.94,128.3,404,1346,44.3
2101004,5,1,1,1,1,1,31.68,60.29,1.94,0.73,92.6,492,1439,50.22
2101073,5,2,0,1,0,1,30.85,59.33,2.47,0.0,89.8,437,1439,47.85
2101131,4,2,0,0,0,0,32.47,61.27,3.08,0.07,103.2,410,1316,37.07
2101099,0,0,0,0,0,1,30.65,68.89,3.05,7.08,131.9,427,1384,22.13
2101149,5,2,0,1,1,1,28.87,54.94,2.73,0.35,85.1,501,1415,48.3
2101173,1,0,1,0,0,1,27.73,45.35,2.21,0.0,93.1,460,1421,15.93
2101155,0,1,0,0,0,1,30.73,72.74,3.41,8.14,119.6,476,1403,33.27
2101067,5,1,0,1,1,1,31.18,60.52,2.0,0.23,91.2,403,1403,38.87
2101026,2,2,1,0,0,1,31.94,75.42,3.31,0.58,138.1,391,1369,48.18
2101018,4,0,0,0,0,0,31.85,58.87,3.58,0.0,97.5,461,1439,10.73
2101128,1,1,0,0,0,1,33.35,74.26,2.87,0.0,120.4,484,1310,37.37
2101026,0,0,0,0,0,1,30.88,70.14,3.43,8.64,134.3,407,1379,21.73
2101167,3,2,0,0,0,1,34.18,67.59,3.8,0.0,121.3,531,1348,48.91
2101116,6,1,0,1,0,0,31.49,51.15,2.11,0.83,95.6,418,1439,29.96
2101008,3,2,0,0,0,1,33.58,66.32,3.13,0.26,122.4,441,1338,45.49
2101158,0,2,0,0,0,1,30.11,68.3,3.48,7.99,122.1,456,1264,48.18
2101039,2,0,1,0,0,1,31.87,74.52,3.21,1.1,122.8,399,1433,29.3
2101198,0,2,1,0,0,1,29.72,44.89,1.96,0.2,93.7,491,1352,50.29
2101054,0,2,0,0,0,1,31.56,69.52,3.26,8.42,124.9,515,1342,50.14
2101110,0,2,0,0,0,1,29.78,47.0,1.67,0.0,89.0,506,1401,45.45
2101092,6,2,0,1,1,1,28.7,62.97,2.54,0.52,115.1,491,1389,56.93
2101071,6,2,1,1,1,1,29.37,64.09,2.31,0.0,111.9,498,1371,51.26
2101035,4,2,0,0,0,1,28.03,52.47,3.73,0.0,89.3,495,1370,45.73
2101013,4,2,0,0,1,1,27.77,50.44,3.38,0.01,88.9,358,1371,54.42
2101108,1,0,1,0,0,1,28.69,44.11,2.49,0.21,87.4,419,1402,30.45
2101196,1,2,0,0,0,1,27.78,44.9,2.12,0.99,81.4,486,1399,47.23
2101069,5,2,0,1,1,1,29.6,55.72,3.52,0.0,78.4,508,1434,48.16
2101060,6,2,1,1,1,0,31.29,52.17,2.85,0.03,95.0,470,1426,48.99
2101131,0,2,0,0,0,1,31.44,68.68,3.43,7.15,126.0,429,1293,50.09
2101199,6,2,1,1,1,1,29.16,66.14,2.46,0.7,124.7,441,1337,48.08
2101106,5,1,1,1,0,1,31.83,61.9,2.38,0.0,96.6,495,1410,41.96
2101193,6,0,0,1,1,0,30.65,52.13,1.7,0.27,98.4,511,1398,22.47
2101137,3,0,0,0,0,1,25.67,51.49,3.03,0.0,77.3,416,1439,16.4
2101159,6,0,1,1,1,1,29.62,63.88,2.23,0.4,111.2,488,1420,22.73
2101050,1,0,0,0,0,1,33.96,76.55,2.32,0.61,133.5,521,1384,28.55
2101110,1,2,0,0,0,1,33.58,77.22,2.2,0.0,126.5,508,1376,52.02
2101141,3,2,1,0,1,1,34.15,66.34,3.05,0.03,122.4,407,1340,46.7
2101073,6,0,0,1,0,0,31.13,52.36,2.35,0.0,104.7,412,1439,23.92
2101147,2,1,0,0,0,1,31.5,75.93,3.46,0.18,128.1,403,1345,36.94
2101077,0,2,0,0,0,1,30.15,40.0,2.47,0.51,96.1,338,1315,41.82
2101144,1,2,0,0,0,1,27.91,44.8,2.15,0.0,78.3,472,1399,49.26
2101091,0,1,0,0,0,1,30.91,70.23,2.88,8.25,126.9,372,1374,34.84
2101014,4,2,0,0,0,1,28.51,51.68,4.02,0.0,94.4,474,1349,44.33
2101020,3,0,1,0,0,1,34.48,69.09,3.2,0.0,139.1,454,1377,15.95
2101189,4,2,0,0,0,1,28.57,50.98,4.21,0.0,92.5,453,1371,51.77
2101127,5,2,0,1,1,1,29.61,57.1,3.25,0.0,85.6,438,1384,46.5
2101115,3,1,0,0,0,1,25.76,53.82,2.52,0.01,67.5,447,1368,30.94
2101154,3,0,0,0,0,1,26.43,53.23,3.08,0.0,77.9,439,1297,30.99
2101055,4,0,0,0,1,0,33.29,60.12,4.34,0.0,91.3,428,1407,22.81
2101073,3,1,1,0,0,1,26.02,51.11,2.35,0.43,68.6,409,1421,33.03
2101087,2,0,0,0,0,1,31.73,76.74,3.73,0.0,131.3,347,1363,31.95
2101131,2,0,0,0,0,0,26.52,41.04,2.39,0.0,67.0,409,1327,16.68
2101104,6,0,0,1,1,1,29.43,65.19,2.75,0.0,124.7,517,1439,27.62
2101055,0,2,0,0,0,1,30.96,70.69,3.04,8.85,132.8,444,1405,46.15
2101104,4,1,0,0,1,0,31.77,60.35,3.36,0.0,96.8,471,1439,34.88
2101075,4,1,0,0,0,0,32.62,64.76,3.99,0.0,96.8,477,1439,33.35
2101050,2,1,0,0,0,0,25.69,42.29,2.76,0.87,66.5,523,1417,35.37
2101039,5,2,0,1,1,1,31.02,59.74,2.82,0.29,85.3,456,1439,57.0
2101053,3,0,0,0,0,1,26.45,51.01,3.3,0.0,74.8,453,1378,11.05
2101108,3,0,0,0,0,1,33.94,64.95,3.67,0.0,121.7,387,1384,25.23
2101073,2,1,0,0,0,1,32.1,77.26,3.2,0.52,131.3,421,1412,34.04
2101085,0,2,0,0,0,1,32.82,71.49,1.51,0.72,146.5,417,1430,46.45
2101156,0,1,1,0,0,1,29.85,45.53,1.95,0.0,91.7,461,1372,33.23
2101139,3,2,1,0,0,1,34.35,67.32,3.22,0.46,120.3,370,1392,42.41
2101088,4,2,0,0,1,0,32.06,62.18,3.75,0.15,92.2,482,1417,44.6
2101115,6,1,0,1,1,1,28.79,63.93,1.55,0.66,117.0,492,1393,38.5
2101008,5,2,0,1,1,1,28.89,53.0,3.28,0.83,92.5,490,1392,56.65
2101082,5,2,0,1,0,1,29.1,55.38,3.22,0.0,91.8,379,1398,48.97
2101090,1,0,1,0,0,1,27.21,45.07,3.11,0.0,81.3,395,1416,26.32
2101060,1,1,1,0,1,1,33.11,77.27,2.51,0.24,126.8,434,1431,41.93
2101041,4,0,1,0,0,1,28.28,50.82,3.44,1.07,95.9,380,1348,23.16
2101148,2,1,0,0,0,0,25.76,45.81,2.65,0.41,82.1,474,1400,23.67
2101003,6,0,0,1,1,1,28.48,65.66,1.94,0.14,109.5,500,1397,31.32
2101195,0,2,0,0,0,1,28.99,44.05,1.86,1.44,92.3,488,1389,34.41
2101195,2,0,0,0,0,1,31.96,76.93,2.71,0.0,130.7,464,1384,13.23
2101125,1,2,0,0,0,1,27.67,46.98,2.77,0.54,89.8,451,1412,46.0
2101059,6,2,1,1,1,0,31.47,52.72,2.69,0.0,97.4,440,1439,44.37
2101059,2,1,1,0,0,0,26.58,44.48,2.13,0.03,76.3,374,1439,19.13
2101107,5,1,0,1,1,1,31.21,58.83,2.17,0.05,90.9,471,1357,38.64
2101134,4,2,0,0,0,0,32.69,62.1,4.12,0.91,111.5,380,1400,38.01
2101072,1,1,0,0,0,1,32.8,80.28,2.44,0.0,130.6,408,1319,36.53
2101088,0,0,0,0,0,1,31.62,68.69,3.27,7.26,126.6,475,1415,16.21
2101011,4,0,1,0,0,1,28.84,50.42,3.33,0.0,87.3,414,1335,21.31
2101177,6,1,0,1,1,0,30.97,50.3,2.32,0.29,106.9,488,1439,40.05
2101180,3,1,0,0,0,1,33.6,63.62,3.49,0.0,121.9,416,1345,38.17
2101053,2,2,1,0,0,0,26.31,44.96,2.76,0.25,67.7,444,1411,45.23
2101187,6,0,0,1,1,0,30.31,51.66,2.26,0.0,102.7,356,1378,25.56
2101169,2,0,0,0,0,0,25.85,43.35,2.14,0.0,66.4,396,1404,22.73
2101038,1,2,0,0,0,1,33.67,78.88,2.63,0.62,124.7,487,1425,42.24
2101031,2,2,1,0,0,1,31.81,81.03,2.99,0.0,123.0,492,1341,48.39
2101084,4,2,0,0,1,1,28.17,49.28,3.91,0.38,82.3,413,1297,41.78
2101138,0,0,1,0,0,1,31.94,73.36,1.74,0.32,141.7,390,1439,20.16
2101075,3,1,0,0,0,1,25.81,52.57,3.05,0.0,67.7,480,1422,43.25
2101146,6,2,1,1,1,0,31.17,52.27,3.03,0.0,104.2,465,1370,53.54
2101034,0,2,1,0,1,1,31.36,72.32,1.87,0.59,149.1,515,1439,50.85
2101185,4,1,1,0,0,1,28.03,50.84,3.82,0.1,87.8,423,1426,34.05
2101132,3,1,0,0,1,1,26.41,54.31,2.51,0.59,67.0,453,1367,36.24
2101050,5,1,0,1,1,1,28.92,56.65,3.02,0.0,89.2,576,1409,42.12
2101156,6,0,0,1,1,1,29.81,64.96,2.5,0.0,106.8,498,1383,26.64
2101082,3,2,0,0,0,1,25.99,53.69,3.24,0.0,62.9,355,1397,42.85
2101152,5,1,0,1,1,1,30.11,57.16,3.65,0.0,88.8,525,1439,37.55
2101140,1,1,1,0,1,1,32.94,76.39,2.98,0.63,131.8,451,1297,44.43
2101135,6,2,0,1,1,1,29.29,64.93,2.4,0.34,121.9,488,1395,51.24
2101025,6,2,0,1,1,1,28.57,67.5,2.37,0.0,115.9,439,1395,57.25
2101004,3,2,0,0,0,1,25.69,52.37,3.08,0.08,66.3,471,1416,49.38
2101140,5,0,0,1,0,1,29.38,55.39,3.24,0.46,82.6,471,1306,22.25
2101046,4,2,0,0,0,1,28.64,49.34,3.57,0.0,91.8,441,1358,47.15
2101014,6,1,1,1,1,1,28.54,63.72,1.99,0.24,113.1,515,1365,43.84
2101103,6,1,1,1,1,1,29.52,62.45,2.61,0.08,113.5,455,1439,39.96
2101186,0,1,0,0,0,1,29.22,42.74,1.72,0.0,87.5,437,1439,30.04
2101140,5,0,1,1,1,1,29.37,56.01,3.38,0.0,79.3,486,1279,32.63
2101060,6,2,1,1,1,1,29.2,60.65,1.88,0.82,121.2,489,1417,51.19
2101077,4,1,0,0,0,0,32.66,61.25,4.17,0.0,101.9,347,1351,31.34
2101139,0,0,1,0,0,1,30.84,72.63,1.36,0.0,139.3,384,1377,18.59
2101090,2,2,1,0,1,1,32.42,76.81,3.52,0.0,124.1,399,1417,57.4
2101112,0,1,0,0,0,1,31.79,69.74,1.19,0.0,142.3,435,1363,35.06
2101168,6,0,0,1,1,0,30.89,53.84,2.38,0.67,104.3,454,1439,31.67
2101012,0,1,1,0,0,1,31.15,70.21,2.02,0.0,139.3,436,1355,34.24
2101005,3,0,0,0,0,1,33.39,64.02,3.22,0.0,117.7,424,1383,19.85
2101178,3,1,1,0,0,1,33.52,64.29,3.48,0.0,107.8,463,1361,24.67
2101054,3,2,1,0,0,1,26.44,51.42,2.64,0.0,66.3,472,1365,41.23
2101164,3,0,0,0,0,1,33.93,68.0,2.77,0.0,120.7,468,1350,18.66
2101058,0,2,0,0,0,1,30.26,70.95,3.25,6.49,131.8,439,1337,45.89
2101169,2,1,0,0,0,1,31.57,76.89,3.4,0.48,123.7,383,1330,33.06
2101198,0,0,1,0,0,1,31.34,66.7,2.82,8.01,123.4,469,1325,16.66
2101184,1,0,0,0,0,1,27.52,45.42,2.51,0.0,87.7,405,1356,28.97
2101046,3,0,1,0,0,1,33.83,64.62,3.23,0.51,116.6,436,1359,21.67
2101103,0,0,1,0,0,1,32.1,71.14,1.36,0.28,142.4,434,1439,10.04
2101010,4,0,1,0,0,0,32.6,58.02,3.84,0.0,102.2,468,1429,33.32
2101054,1,2,1,0,1,1,27.67,46.81,2.13,0.44,84.7,514,1372,53.22
2101083,1,1,0,0,0,1,33.13,76.73,2.97,0.0,134.1,390,1317,38.15
2101008,2,0,1,0,0,1,31.16,76.24,2.8,0.0,133.5,436,1402,29.33
2101130,1,2,1,0,0,1,32.91,76.39,2.51,0.0,125.6,421,1409,39.1
2101039,3,1,0,0,0,1,26.03,49.76,3.08,0.0,72.0,399,1438,44.58
2101031,1,2,0,0,0,1,33.29,72.95,1.69,0.53,128.2,510,1319,39.24
2101130,0,2,0,0,0,1,31.7,70.31,1.15,0.0,138.3,397,1417,33.86
2101168,6,2,1,1,1,0,31.28,53.63,2.68,0.0,96.7,438,1439,54.57
2101199,4,2,0,0,0,0,32.51,63.07,3.69,0.0,104.5,422,1353,41.14
2101040,1,0,0,0,0,1,27.74,45.78,2.45,0.12,75.7,451,1330,19.34
2101155,0,1,0,0,0,1,30.31,71.02,3.5,7.38,132.3,451,1380,23.38
2101141,5,1,0,1,1,1,28.45,54.96,3.12,0.52,86.6,430,1346,35.88
2101162,1,2,1,0,1,1,27.44,49.33,2.02,0.0,83.0,495,1439,51.4
2101033,2,0,1,0,0,0,25.78,43.69,1.66,0.0,75.8,361,1365,25.51
2101096,5,1,0,1,1,1,29.05,54.73,3.29,0.0,87.5,413,1439,52.11
2101176,6,2,0,1,1,0,30.95,52.98,2.23,0.02,107.7,421,1439,47.41
2101115,2,1,0,0,0,0,25.66,41.42,2.57,0.0,71.1,423,1373,35.22
2101041,3,0,0,0,0,1,33.62,64.54,3.53,0.16,117.4,401,1365,23.91
2101001,2,2,0,0,0,0,26.12,40.2,2.06,1.09,71.9,465,1387,48.12
2101146,3,1,1,0,0,1,34.11,66.69,3.98,0.0,128.0,443,1338,49.6
2101014,2,2,0,0,0,1,31.51,76.41,3.59,0.02,134.3,474,1353,45.04
2101167,4,1,1,0,0,1,28.56,50.74,3.84,0.81,84.4,508,1357,43.39
2101131,1,1,1,0,0,1,27.56,45.87,1.98,0.0,82.0,422,1302,37.0
2101051,5,1,0,1,1,1,30.94,62.7,2.07,0.0,88.8,503,1439,38.31
2101043,0,1,0,0,0,1,31.58,70.69,1.5,0.0,145.2,473,1394,29.98
2101019,3,0,0,0,0,1,34.82,64.93,3.34,0.23,119.6,424,1403,26.17
2101068,5,1,0,1,1,1,29.04,57.79,2.89,0.3,96.7,486,1368,37.5
2101117,0,0,1,0,0,1,30.0,45.1,2.17,0.0,85.3,459,1310,22.26
2101062,0,1,1,0,0,1,31.26,69.46,3.22,7.6,132.5,450,1416,36.33
2101100,6,0,0,1,1,1,29.65,61.2,2.42,0.75,119.2,466,1436,33.55
2101126,5,2,0,1,1,1,28.99,54.46,3.08,0.51,81.6,452,1355,60.77
2101096,0,2,1,0,0,1,32.37,72.56,2.05,0.0,144.4,370,1405,57.73
2101050,0,1,0,0,0,1,31.61,71.49,1.72,0.0,142.7,488,1409,37.31
2101156,1,1,0,0,0,1,27.55,49.4,1.51,0.05,83.9,455,1346,32.99
2101143,5,1,0,1,1,1,31.26,57.65,2.0,0.42,97.4,511,1439,42.16
2101093,5,0,0,1,1,1,29.56,56.76,3.21,0.0,77.5,473,1344,29.18
2101036,4,2,1,0,0,0,32.44,60.08,4.13,0.0,106.2,483,1411,46.2
2101099,2,2,0,0,0,1,31.71,78.89,3.18,0.0,127.7,443,1398,41.62
2101072,1,1,1,0,0,1,33.89,75.43,2.21,0.0,136.0,418,1351,47.25
2101097,4,0,0,0,0,0,32.13,63.07,3.64,0.0,101.7,507,1422,10.0
2101025,2,1,0,0,0,0,25.74,41.65,2.68,0.0,79.3,408,1423,37.78
2101091,1,0,0,0,1,1,33.69,73.02,2.15,0.26,131.3,395,1352,20.78
2101011,4,2,0,0,0,1,28.65,48.88,3.4,0.0,94.5,419,1330,37.82
2101081,4,2,0,0,0,0,32.86,60.12,3.61,0.0,99.9,418,1336,41.87
2101140,4,1,0,0,1,0,31.99,59.37,4.0,0.0,95.5,458,1294,36.35
2101033,2,1,0,0,0,0,26.59,44.98,2.32,0.0,76.5,369,1369,30.91
2101026,5,2,0,1,1,1,29.51,57.95,2.73,0.4,88.7,460,1438,54.07
2101059,6,0,1,1,1,0,31.76,52.04,2.7,0.0,112.2,430,1439,16.94
2101181,4,2,1,0,0,1,27.86,49.02,3.37,0.25,79.0,481,1363,48.63
2101053,4,2,0,0,0,0,32.51,61.0,3.94,0.0,98.7,466,1425,26.97
2101188,1,1,0,0,0,1,33.26,74.33,2.4,0.04,133.8,471,1408,41.43
2101050,5,2,1,1,1,1,28.68,58.16,3.59,0.0,78.9,560,1411,60.18
2101012,4,2,0,0,0,1,28.08,51.45,3.9,0.0,87.9,455,1360,36.96
2101156,4,2,0,0,0,1,28.81,51.76,3.41,0.0,99.7,459,1350,40.06
2101024,6,0,0,1,1,1,28.86,63.61,2.26,0.33,124.2,584,1402,25.31
2101023,0,2,0,0,0,1,29.25,38.92,1.66,0.08,90.1,405,1403,38.53
2101107,2,1,0,0,0,1,32.12,75.12,3.77,0.0,136.7,416,1305,27.38
2101041,1,2,1,0,0,1,28.04,44.59,2.47,0.48,89.7,377,1357,52.38
2101121,1,2,1,0,0,1,28.04,47.27,2.75,0.09,87.6,479,1402,43.93
2101105,5,0,0,1,1,1,31.03,60.28,2.1,0.3,94.3,461,1399,26.56
2101143,2,1,0,0,0,0,26.14,41.37,1.86,0.43,74.3,487,1439,22.58
2101063,3,1,0,0,0,1,34.48,65.53,3.92,0.0,114.2,456,1388,44.76
2101056,2,1,0,0,0,0,25.9,45.63,2.51,0.0,70.6,395,1368,33.61
2101048,4,2,0,0,0,1,28.06,49.15,3.62,0.17,92.7,416,1359,47.51
2101150,1,1,1,0,0,1,33.71,73.91,2.3,0.0,129.2,477,1296,25.49
2101075,6,2,0,1,1,0,31.68,51.14,2.7,0.21,110.9,504,1439,52.24
2101170,2,2,1,0,1,0,25.7,41.56,2.64,0.64,71.5,420,1382,42.15
2101100,0,0,0,0,0,1,30.52,70.69,1.19,0.49,133.2,447,1421,15.37
2101158,2,1,1,0,0,0,25.58,43.77,2.81,0.0,71.5,448,1278,39.81
2101135,6,1,0,1,0,1,28.64,67.45,2.15,0.0,118.5,488,1386,32.59
2101138,5,1,0,1,1,1,29.26,52.34,3.09,0.0,87.1,397,1424,47.72
2101194,3,0,0,0,0,1,26.47,51.41,3.3,0.0,73.0,467,1266,20.0
2101091,5,0,1,1,1,1,29.26,55.62,3.51,0.64,81.1,441,1403,37.75
2101170,5,1,0,1,1,1,31.07,59.96,2.09,0.0,99.9,444,1400,37.25
2101165,4,0,0,0,0,0,32.48,60.87,3.28,0.0,96.4,449,1424,10.0
2101086,1,1,1,0,0,1,32.99,74.95,2.34,0.41,132.1,481,1355,40.16
2101139,3,0,1,0,1,1,26.21,53.25,2.94,0.0,71.2,394,1400,25.81
2101090,4,0,1,0,0,0,32.16,60.37,3.81,0.0,93.7,377,1426,29.04
2101133,6,1,0,1,1,1,30.12,64.1,1.93,1.0,124.2,475,1439,46.62
2101083,6,1,0,1,1,0,31.39,51.55,2.27,0.86,89.1,411,1359,39.8
2101099,6,2,0,1,1,1,28.71,64.53,1.93,0.35,112.8,480,1400,53.27
2101048,2,1,0,0,0,1,31.38,76.2,3.33,0.13,131.8,410,1355,40.39
2101127,2,1,0,0,0,1,31.6,78.31,3.51,0.0,127.8,384,1334,33.05
2101190,5,0,1,1,1,1,30.69,60.09,2.5,0.31,96.2,452,1366,27.51
2101071,0,1,0,0,0,1,31.27,71.77,1.45,0.01,144.7,504,1341,27.46
2101014,0,2,0,0,0,1,29.24,42.45,2.11,0.1,92.3,487,1359,47.19
2101141,2,1,0,0,0,0,26.51,41.01,2.65,0.0,84.0,391,1333,29.88
2101041,2,0,0,0,0,0,25.99,41.32,2.33,0.0,72.1,375,1356,19.31
2101139,3,1,0,0,0,1,33.75,64.34,3.42,0.0,117.9,387,1416,26.82
2101132,2,2,0,0,0,1,31.24,76.86,3.9,0.16,124.2,431,1394,47.12
2101189,1,2,0,0,0,1,27.18,45.32,2.4,0.83,80.0,455,1342,45.31
2101118,2,0,0,0,0,0,26.13,40.9,2.74,0.19,76.5,377,1356,18.2
2101024,0,2,0,0,0,1,30.63,69.28,3.02,6.56,130.2,542,1406,42.26
2101056,6,2,0,1,1,1,29.5,65.28,2.32,0.0,117.1,438,1345,44.17
2101054,5,1,0,1,1,1,31.1,56.94,1.68,0.0,89.0,532,1372,45.43
2101187,2,1,0,0,0,1,32.2,79.55,3.26,0.0,133.1,330,1349,31.7
2101172,3,0,1,0,1,1,34.17,66.29,3.82,0.31,110.1,541,1429,25.5
2101082,6,0,0,1,1,1,29.05,64.14,2.94,0.21,115.4,408,1398,37.14
2101175,6,2,0,1,1,0,30.26,53.47,2.87,0.0,100.4,487,1439,51.52
2101119,0,0,0,0,0,1,30.2,68.97,3.36,7.71,123.2,471,1358,19.28
2101063,2,1,0,0,0,0,26.46,41.73,2.5,0.0,74.0,429,1384,43.27
2101019,1,2,1,0,0,1,28.21,50.55,2.16,0.0,80.5,416,1376,51.71
2101182,1,2,1,0,0,1,33.46,73.63,2.24,0.0,124.6,471,1315,41.85
2101178,1,0,0,0,0,1,27.95,46.43,2.52,0.0,92.8,468,1411,17.32
2101149,5,0,1,1,1,1,31.18,61.63,1.96,0.82,96.2,490,1428,28.3
2101021,5,0,0,1,1,1,29.17,53.62,3.51,0.0,91.3,442,1439,19.33
2101111,2,2,0,0,0,1,31.51,76.33,2.97,0.72,129.9,457,1439,43.19
2101079,2,0,0,0,0,1,32.17,77.21,2.73,0.77,134.5,476,1353,15.59
2101136,2,0,0,0,0,0,26.3,47.14,2.18,0.0,77.2,437,1318,19.04
2101177,3,1,0,0,1,1,26.13,49.84,2.28,0.0,78.8,463,1433,39.95
2101107,5,1,1,1,1,1,29.18,55.46,2.82,0.0,97.1,444,1305,43.97
2101189,0,0,0,0,0,1,29.76,43.73,2.38,0.0,93.5,469,1350,23.61
2101039,5,0,1,1,1,1,31.48,60.25,2.13,0.36,93.8,441,1439,29.44
